#SampleID	BarcodesSequence	LinkerPrimerSequence	Location	Gender	Age	Strain	IontorrentChip	sampleType
#q2:types	categorical	categorical	categorical	categorical	categorical	categorical	categorical	categorical
DKFZt21	CTAAGGTAAC	ATTAGATACCCYGGTAGTCC	DKFZ	Male	Adult	SPF	Chip146	FecalorColon
DKFZt22	TAAGGAGAAC	ATTAGATACCCYGGTAGTCC	DKFZ	Male	Adult	SPF	Chip146	FecalorColon
DKFZt23	AAGAGGATTC	ATTAGATACCCYGGTAGTCC	DKFZ	Male	Adult	SPF	Chip146	FecalorColon
DKFZt24	TACCAAGATC	ATTAGATACCCYGGTAGTCC	DKFZ	Male	Adult	SPF	Chip146	FecalorColon
Humanitast21	CAGAAGGAAC	ATTAGATACCCYGGTAGTCC	Humanitas	Male	Adult	SPF	Chip146	FecalorColon
Humanitast22	CTGCAAGTTC	ATTAGATACCCYGGTAGTCC	Humanitas	Male	Adult	SPF	Chip146	FecalorColon
Humanitast23	TTCGTGATTC	ATTAGATACCCYGGTAGTCC	Humanitas	Male	Adult	SPF	Chip146	FecalorColon
Humanitast24	TTCCGATAAC	ATTAGATACCCYGGTAGTCC	Humanitas	Male	Adult	SPF	Chip146	FecalorColon
IGC1t21	TGAGCGGAAC	ATTAGATACCCYGGTAGTCC	IGC1	Male	Adult	SPF	Chip146	FecalorColon
IGC1t22	CTGACCGAAC	ATTAGATACCCYGGTAGTCC	IGC1	Male	Adult	SPF	Chip146	FecalorColon
IGC1t23	TCCTCGAATC	ATTAGATACCCYGGTAGTCC	IGC1	Male	Adult	SPF	Chip146	FecalorColon
IGC1t24	TAGGTGGTTC	ATTAGATACCCYGGTAGTCC	IGC1	Male	Adult	SPF	Chip146	FecalorColon
Ghent1t21	TCTAACGGAC	ATTAGATACCCYGGTAGTCC	Ghent1	Male	Adult	SPF	Chip146	FecalorColon
Ghent1t22	TTGGAGTGTC	ATTAGATACCCYGGTAGTCC	Ghent1	Male	Adult	SPF	Chip146	FecalorColon
Ghent1t23	TCTAGAGGTC	ATTAGATACCCYGGTAGTCC	Ghent1	Male	Adult	SPF	Chip146	FecalorColon
Ghent1t24	TCTGGATGAC	ATTAGATACCCYGGTAGTCC	Ghent1	Male	Adult	SPF	Chip146	FecalorColon
Bern1t21	TCTATTCGTC	ATTAGATACCCYGGTAGTCC	Bern1	Male	Adult	SPF	Chip146	FecalorColon
Bern1t22	AGGCAATTGC	ATTAGATACCCYGGTAGTCC	Bern1	Male	Adult	SPF	Chip146	FecalorColon
Bern1t23	TTAGTCGGAC	ATTAGATACCCYGGTAGTCC	Bern1	Male	Adult	SPF	Chip146	FecalorColon
Bern1t24	CAGATCCATC	ATTAGATACCCYGGTAGTCC	Bern1	Male	Adult	SPF	Chip146	FecalorColon
Bern2t21	TCGCAATTAC	ATTAGATACCCYGGTAGTCC	Bern2	Male	Adult	SPF	Chip146	FecalorColon
Bern2t22	TTCGAGACGC	ATTAGATACCCYGGTAGTCC	Bern2	Male	Adult	SPF	Chip146	FecalorColon
Bern2t23	TGCCACGAAC	ATTAGATACCCYGGTAGTCC	Bern2	Male	Adult	SPF	Chip146	FecalorColon
Bern2t24	AACCTCATTC	ATTAGATACCCYGGTAGTCC	Bern2	Male	Adult	SPF	Chip146	FecalorColon
Ghent2t21	CCTGAGATAC	ATTAGATACCCYGGTAGTCC	Ghent2	Male	Adult	SPF	Chip146	FecalorColon
Ghent2t22	TTACAACCTC	ATTAGATACCCYGGTAGTCC	Ghent2	Male	Adult	SPF	Chip146	FecalorColon
Ghent2t23	AACCATCCGC	ATTAGATACCCYGGTAGTCC	Ghent2	Male	Adult	SPF	Chip146	FecalorColon
Ghent2t24	ATCCGGAATC	ATTAGATACCCYGGTAGTCC	Ghent2	Male	Adult	SPF	Chip146	FecalorColon
Greecet21	TCGACCACTC	ATTAGATACCCYGGTAGTCC	Greece	Male	Adult	SPF	Chip146	FecalorColon
Greecet22	CGAGGTTATC	ATTAGATACCCYGGTAGTCC	Greece	Male	Adult	SPF	Chip146	FecalorColon
Greecet23	TCCAAGCTGC	ATTAGATACCCYGGTAGTCC	Greece	Male	Adult	SPF	Chip146	FecalorColon
Greecet24	TCTTACACAC	ATTAGATACCCYGGTAGTCC	Greece	Male	Adult	SPF	Chip146	FecalorColon
Crick1t21	TTCTCATTGAAC	ATTAGATACCCYGGTAGTCC	Crick1	Male	Adult	SPF	Chip146	FecalorColon
Crick1t22	TCGCATCGTTC	ATTAGATACCCYGGTAGTCC	Crick1	Male	Adult	SPF	Chip146	FecalorColon
Crick1t23	TAAGCCATTGTC	ATTAGATACCCYGGTAGTCC	Crick1	Male	Adult	SPF	Chip146	FecalorColon
Crick1t24	AAGGAATCGTC	ATTAGATACCCYGGTAGTCC	Crick1	Male	Adult	SPF	Chip146	FecalorColon
Crick2t21	CTTGAGAATGTC	ATTAGATACCCYGGTAGTCC	Crick2	Male	Adult	SPF	Chip146	FecalorColon
Crick2t22	TGGAGGACGGAC	ATTAGATACCCYGGTAGTCC	Crick2	Male	Adult	SPF	Chip146	FecalorColon
Crick2t23	TAACAATCGGC	ATTAGATACCCYGGTAGTCC	Crick2	Male	Adult	SPF	Chip146	FecalorColon
Crick2t24	CTGACATAATC	ATTAGATACCCYGGTAGTCC	Crick2	Male	Adult	SPF	Chip146	FecalorColon
Brazilt21	TTCCACTTCGC	ATTAGATACCCYGGTAGTCC	Brazil	Male	Adult	SPF	Chip146	FecalorColon
Brazilt22	AGCACGAATC	ATTAGATACCCYGGTAGTCC	Brazil	Male	Adult	SPF	Chip146	FecalorColon
Brazilt23	CTTGACACCGC	ATTAGATACCCYGGTAGTCC	Brazil	Male	Adult	SPF	Chip146	FecalorColon
Brazilt24	TTGGAGGCCAGC	ATTAGATACCCYGGTAGTCC	Brazil	Male	Adult	SPF	Chip146	FecalorColon
Polandt21	TGGAGCTTCCTC	ATTAGATACCCYGGTAGTCC	Poland	Male	Adult	SPF	Chip146	FecalorColon
Polandt22	TCAGTCCGAAC	ATTAGATACCCYGGTAGTCC	Poland	Male	Adult	SPF	Chip146	FecalorColon
Polandt23	TAAGGCAACCAC	ATTAGATACCCYGGTAGTCC	Poland	Male	Adult	SPF	Chip146	FecalorColon
Polandt24	TTCTAAGAGAC	ATTAGATACCCYGGTAGTCC	Poland	Male	Adult	SPF	Chip146	FecalorColon
Genevat21	TCCTAACATAAC	ATTAGATACCCYGGTAGTCC	Geneva	Male	Adult	SPF	Chip146	FecalorColon
Genevat22	CGGACAATGGC	ATTAGATACCCYGGTAGTCC	Geneva	Male	Adult	SPF	Chip146	FecalorColon
Genevat23	TTGAGCCTATTC	ATTAGATACCCYGGTAGTCC	Geneva	Male	Adult	SPF	Chip146	FecalorColon
Genevat24	CCGCATGGAAC	ATTAGATACCCYGGTAGTCC	Geneva	Male	Adult	SPF	Chip146	FecalorColon
Rockafellert21	CTGGCAATCCTC	ATTAGATACCCYGGTAGTCC	Rockafeller	Male	Adult	SPF	Chip146	FecalorColon
Rockafellert22	CCGGAGAATCGC	ATTAGATACCCYGGTAGTCC	Rockafeller	Male	Adult	SPF	Chip146	FecalorColon
Rockafellert23	TCCACCTCCTC	ATTAGATACCCYGGTAGTCC	Rockafeller	Male	Adult	SPF	Chip146	FecalorColon
Rockafellert24	CAGCATTAATTC	ATTAGATACCCYGGTAGTCC	Rockafeller	Male	Adult	SPF	Chip146	FecalorColon
Freiburgt21	TCTGGCAACGGC	ATTAGATACCCYGGTAGTCC	Freiburg	Male	Adult	SPF	Chip146	FecalorColon
Freiburgt22	TCCTAGAACAC	ATTAGATACCCYGGTAGTCC	Freiburg	Male	Adult	SPF	Chip146	FecalorColon
Freiburgt23	TCCTTGATGTTC	ATTAGATACCCYGGTAGTCC	Freiburg	Male	Adult	SPF	Chip146	FecalorColon
Freiburgt24	TCTAGCTCTTC	ATTAGATACCCYGGTAGTCC	Freiburg	Male	Adult	SPF	Chip146	FecalorColon
IGC2t21	TCACTCGGATC	ATTAGATACCCYGGTAGTCC	IGC2	Male	Adult	SPF	Chip146	FecalorColon
IGC2t22	TTCCTGCTTCAC	ATTAGATACCCYGGTAGTCC	IGC2	Male	Adult	SPF	Chip146	FecalorColon
IGC2t23	CCTTAGAGTTC	ATTAGATACCCYGGTAGTCC	IGC2	Male	Adult	SPF	Chip146	FecalorColon
IGC2t24	CTGAGTTCCGAC	ATTAGATACCCYGGTAGTCC	IGC2	Male	Adult	SPF	Chip146	FecalorColon